first_name,last_name,company_name
Bridie,O'Lennachain,"Quitzon, Effertz and Renner"
Hilly,Lavrick,Conroy-Stamm
Dollie,Gravell,Rau-Dooley
Beatrix,Kiledal,Boehm Group
Klarrisa,Fancett,Steuber and Sons
Emelen,Phidgin,"Skiles, Baumbach and Hauck"
Ethe,Bockh,Yost-Farrell
Ravi,Coulthard,"Batz, Hilpert and Ryan"
Barbey,Georgelin,Schinner-Fay
Sibella,Tarpey,Monahan LLC
Emmeline,Fisher,Bailey and Sons
Serena,Clohissy,"Bins, Upton and Kling"
Ansel,Fawdry,Batz-Hickle
Dayle,Roberti,McDermott-Emmerich
Craggie,Barnwille,Dare and Sons
Nathanil,Hurling,Swift Group
Remy,Bodicam,"Zboncak, Labadie and Sipes"
Katy,Yule,"Lind, Gusikowski and Jast"
Eran,Polamontayne,Kihn Group
Felipa,Amiss,"O'Connell, Aufderhar and Oberbrunner"
Wynn,Skeels,"Leffler, Wolff and Murazik"
Ogdan,Bramble,"Kreiger, Bode and Blick"
Lynna,Geraud,Wilkinson-Reilly
Kristi,Schrader,Rutherford-Marvin
Thom,Aronow,"Vandervort, Mitchell and Schmidt"
Nikoletta,Daughtrey,Rempel and Sons
Melosa,Dubery,"Hammes, Leffler and Towne"
Edee,Bawcock,Graham-Bogan
Robbi,Boyce,Sporer Inc
Laney,Dilland,Renner-Koelpin
Garrard,Gorner,Marvin LLC
Lockwood,Marklow,Haag-Ankunding
Althea,Calvey,Fisher Inc
Devan,Aikman,Franecki-Kihn
Farah,Mabson,"Jast, Will and Wintheiser"
Dell,Custy,"Bashirian, Boyer and Schmidt"
Gearard,Carlton,Johns-Kris
Channa,Cuddon,"O'Conner, Rutherford and Berge"
Faustine,Alcott,Koss LLC
Connor,Rubenczyk,Schowalter and Sons
Brandy,Olyff,"Bashirian, O'Kon and Rempel"
Toma,Bradley,Williamson and Sons
Grazia,Rojahn,"Marks, Kub and Jaskolski"
Gusti,Reckless,"Kihn, Hoppe and Pagac"
Remington,Likly,Fay LLC
Daile,Kettoe,Howe-Satterfield
Wilden,de Wilde,Mosciski-Witting
Cheryl,Farragher,Bradtke-Corkery
Antoinette,Bowdon,"Schaden, Walsh and Jacobson"
Florri,Terrington,Walsh-Olson
Zaneta,Eliet,Quigley and Sons
Joly,Ryott,Johnston-Schaden
Kimberlyn,Bierling,Kassulke-Hilll
Ginelle,Dyka,Schaefer-Keebler
Urson,Abramamov,"Gorczany, Heathcote and Johnson"
Rosanna,Readett,Douglas-Balistreri
Allx,Keam,Weimann-Schuster
Ambur,Ambroziak,Hodkiewicz-Little
Steward,Gillet,"Fadel, Ruecker and Stoltenberg"
Cally,Rylstone,Mohr Group
Joanna,Fursey,Crooks-Windler
Aurlie,Belchem,Sipes LLC
Zandra,Truin,Kuhlman-Murphy
Em,Bencher,"Turner, Hettinger and Nader"
Marcela,Pawelczyk,"Schmidt, Sawayn and Rippin"
Sammy,MacAindreis,"Dickens, Kshlerin and Funk"
Enrique,Jery,"Wunsch, Towne and Von"
Tani,Booton,O'Reilly-Lowe
Una,Arpin,"Bode, Nicolas and Hessel"
Michael,Jerger,Altenwerth-Labadie
Burr,Scrammage,Conroy-Christiansen
Rustie,Leary,Littel-Mann
Clementina,Malcolm,Williamson Inc
Alec,Apps,Welch-Berge
Mord,Hellicar,Beer Group
Audrie,Crosetti,"Wiza, Schmeler and Auer"
Berni,Cutridge,Marvin-Monahan
Philbert,Jarrold,Cummings-Maggio
Carlyle,Lomasney,Wilderman-Marvin
Cecilius,Gilardengo,"Ankunding, Kassulke and Cartwright"
Roby,Fausch,Kris and Sons
Reina,Lapenna,Cremin-Hessel
Veronique,Herche,"Ryan, Schmidt and Bogisich"
Buiron,Polack,Leannon-Tromp
Amargo,Hattoe,Thompson-Wehner
Nikolaos,McAline,Schaefer and Sons
Marney,Coppeard,Keebler and Sons
Heindrick,Lapthorn,"Morissette, Upton and Schultz"
Tanner,Di Maggio,"McDermott, Turcotte and Gutmann"
Tamar,Huggill,"Batz, Weber and Kihn"
Donn,Wilgar,"Connelly, Bosco and Kilback"
Billie,Ungerechts,Ritchie Group
Kimberlee,Headon,Kilback-Balistreri
Nerissa,Balderstone,"Raynor, Bayer and Sporer"
Dun,Sustin,Denesik-Carter
Fidel,Chettoe,Hegmann-Kirlin
Torrence,Steely,"Crist, Kertzmann and Goyette"
Quill,Emery,"Kuphal, Lang and Ward"
Fee,Moloney,"Christiansen, Mueller and Roberts"
Constancy,Elcoat,Pouros-Predovic
Rafaello,De Lasci,"Rempel, Medhurst and Jakubowski"
Francyne,Maevela,Schroeder-Lang
Cary,Haveline,Pouros Group
Glennis,Drinkhill,"Hermann, MacGyver and Flatley"
Lorry,Boutwell,"Hegmann, Parker and Glover"
Constantine,Lamas,Adams Group
Paulita,Immings,"Homenick, Leannon and Abernathy"
Laura,Luberti,Wisoky-Schaden
Elita,Baraja,Jacobi Group
Harriot,Fritzer,Mann and Sons
Kaspar,Blais,Bartoletti-O'Keefe
Lilas,Lucia,Langosh LLC
Olag,Imlock,Sauer Group
Uri,Pochon,Schaefer-Miller
Merline,Cawthra,Mueller-Koch
Sandi,McAdam,"Rosenbaum, Spencer and Senger"
Morry,Caps,Ankunding Inc
Beau,Ternott,"Rutherford, Tremblay and Altenwerth"
Norah,MacKaig,Luettgen-Hilll
Lula,Durban,Howe Inc
Stacee,Vasnetsov,Emard Group
Jaime,Gue,Lesch Group
Dulcy,Bellenie,Hansen and Sons
Dian,Reynold,"Bednar, Rodriguez and Koch"
Aloysia,Ammer,Ritchie Group
Rorke,Barneveld,"Kovacek, Connelly and Marks"
Francesca,Kaaskooper,"Bayer, Stamm and Runolfsson"
Anselma,Maddams,Gutmann-Wilkinson
Lizabeth,Le febre,DuBuque LLC
Myrtice,Senechell,"Langworth, Welch and Stoltenberg"
Felicio,Kitney,Barton and Sons
Thibaud,Fermor,Koch-Haley
Cherice,Dunkley,Okuneva-Jones
Enoch,Johanning,Orn-Sipes
Gill,Kemster,"Koelpin, Cremin and Morissette"
Laure,Floch,Mueller-Hoeger
Nadya,Denison,"Bergstrom, O'Hara and Tremblay"
Raffarty,Genery,"Jones, Schinner and Herzog"
Ali,Gratten,Stroman and Sons
Lemar,Jansa,"Crist, Lang and Sauer"
Abbott,Manketell,Lang-Waters
Dorisa,Draude,Pouros and Sons
Brad,Gozzett,DuBuque Group
Filide,Binley,Zemlak Inc
Roshelle,Semens,Bartell LLC
Marthe,Jovasevic,"Cruickshank, Senger and Bernhard"
Latrina,Pischof,Jacobs Inc
Carie,Menilove,Tromp-Bogisich
Desiree,McGibbon,Mosciski-Willms
Creight,McIlmorow,Block-Stanton
Jessy,Hammerich,Padberg Inc
Yorgo,Wagenen,"Reilly, Baumbach and Metz"
Chrisy,Beardwell,Stehr-Tromp
Nadeen,Honeyghan,Ferry LLC
Sax,Maymond,Feil Group
Boony,Ellerbeck,Hintz-Walker
Con,Woolstenholmes,"Purdy, Dach and Gleason"
Charin,Landal,"Brekke, Kozey and Jacobi"
Terrell,Tindle,"Miller, Swift and Waelchi"
Ethe,Arnhold,"Waters, Torp and Shanahan"
Boycie,Gouge,Abernathy Group
Brennen,Grayshon,"Parker, Buckridge and Lindgren"
Hoyt,Kobsch,"Wilkinson, Romaguera and Smitham"
Alexei,Onians,Volkman Group
Benito,Strotone,Nitzsche-Langosh
Gianna,Machon,Stracke-Hammes
Dunn,Damrel,Padberg-Brekke
Jasmine,Hardway,Stanton-Schuster
Merralee,Klimus,Harber-Renner
Edmund,Kohtler,Grimes-Kunze
Josee,Ghidotti,"Bernier, Adams and Veum"
Rachele,Polglaze,Bruen-Padberg
Essy,Kedward,Klein-Kertzmann
Holli,Kasher,"Hilll, Schmitt and Lakin"
Alexis,Geerling,"McCullough, Koch and Nicolas"
Karissa,Grouer,"Barrows, Frami and Mohr"
Heindrick,Pettus,Zieme-Lemke
Theresa,Cayet,Dietrich LLC
Shelby,Westcott,Lynch-Swift
Creight,Perrins,Blick and Sons
Ernie,Cotsford,Jerde and Sons
Cordie,Ranscombe,Monahan-Mraz
Tommy,Dysert,"Medhurst, Murray and Jenkins"
Jacquetta,Gregr,Hills Group
Karlis,Robardey,"Ernser, Gibson and Mosciski"
Laetitia,Ebhardt,Lindgren-Mertz
Whitby,Priestland,Olson LLC
Hersh,Annear,"Kerluke, Cronin and Von"
Anabel,Buxy,"McCullough, Hoeger and Ortiz"
Michel,Collete,Anderson and Sons
Daveta,Bezants,Casper Group
Reed,Fulleylove,Hettinger-Rutherford
Kial,Skelcher,"Lesch, Becker and Fay"
Cissiee,Chisholm,O'Kon Inc
Perry,Gerckens,"O'Hara, Haley and Farrell"
Karlis,Owenson,Harber and Sons
Magdaia,Woollhead,Kuhic Inc
Herve,Razzell,Koss Group
Haleigh,Duigan,Kling-Schuster
Mirelle,Ibbitson,Kuvalis LLC
Obadiah,Kleinplac,Cartwright-Bernier
Tate,Sappson,Schamberger-Johns
Chrisy,Walding,Sanford-Hackett
Noby,Sepey,"Terry, Lesch and Marquardt"
Lara,Shetliff,Hamill Inc
Corie,Somerville,Hammes-Jacobson
Ninnetta,Tebboth,Kilback and Sons
Tiffanie,Juris,Cruickshank and Sons
Kile,Spandley,Mueller LLC
Willyt,Bake,"Ullrich, Greenholt and Johnson"
Bernita,Mabson,Reynolds LLC
Spense,Fabler,Abernathy-Yost
Anatollo,McGerr,Hansen-Rolfson
Bevvy,Mulqueen,Leuschke and Sons
Humfrid,Varnes,Cremin-Padberg
Miguel,Pevsner,Quitzon Inc
Vitia,Gabbidon,Goodwin-Williamson
Marty,Ricciardello,Altenwerth-Little
Ali,Ivakhno,Stark Group
Cathe,Denham,Cummings-Wilderman
Zita,Dawidowitz,"Feeney, Feil and McCullough"
Wendall,Twentyman,D'Amore LLC
Mickie,Burle,Baumbach-Greenfelder
Nikki,Rochell,Rohan LLC
Tito,Yoslowitz,Kohler Group
Marissa,Ierland,"Murray, Effertz and Kris"
Sisely,Pressdee,Emmerich-Raynor
Andrea,Duddell,Waters-Jerde
Cati,Scupham,Steuber and Sons
Ulric,Macoun,Ward-Jast
Cammy,Cridge,Batz LLC
Constantia,Ramsier,Swaniawski and Sons
Linda,Parkisson,Conn-Kuphal
Stesha,Redman,"Ernser, Carter and Miller"
Carmita,Patington,Romaguera-Schamberger
Pippa,Northidge,Jaskolski-Kemmer
Cortie,O'Dooghaine,"Treutel, Batz and McDermott"
Jordon,Flagg,"Gorczany, Hirthe and Krajcik"
Tye,Bluett,"Cormier, Pagac and Legros"
Leigh,Currall,Corkery Inc
Wolfie,Ogilvy,Hammes LLC
Jordana,Engelmann,"Langworth, Kovacek and Gislason"
Madison,Embra,Abbott and Sons
Terrill,Scoffham,"Huel, Marks and Schimmel"
Sandy,Joron,Koelpin and Sons
Garvin,Tommei,Pfeffer and Sons
Hill,Geggie,Hilll-Koelpin
Maureen,Cordelet,"Wiegand, Kassulke and Price"
Ferdy,Cowling,"Orn, Osinski and Langworth"
Carmelia,Nolda,"Swift, Zulauf and Mertz"
Britt,Awty,Ritchie Group
Richart,Lermouth,Bailey Group
Bryana,Tolotti,"Wunsch, Jacobson and Pfannerstill"
Jarrad,De Biasi,Stoltenberg LLC
Field,Braidford,Bahringer-Rath
Mirelle,Bernard,Effertz Group
Giana,Thecham,Rosenbaum-Bergstrom
Amabelle,Arnaez,Hickle-Leffler
Marilee,Vallack,Raynor Group
Averyl,Eriksson,Reinger Inc
Phil,Swaffer,"Kub, Abernathy and Mraz"
Krissie,Dearth,Tremblay and Sons
Konstanze,Lyddiard,Swaniawski LLC
Ki,Critchlow,Robel LLC
Crichton,Ambroziak,Murray-Emmerich
Saundra,Gibling,"Abernathy, Willms and Dibbert"
Sherie,Hincham,"Wintheiser, Steuber and Schinner"
Susannah,Jordan,"Haley, Padberg and McKenzie"
Herby,Noyes,Turcotte-West
Moses,Eccleston,Rippin-Runte
Christoforo,Bugs,Harris-Sipes
Kathryne,Swayland,"Bayer, Terry and Walker"
Freddy,Corroyer,Nader Group
Orson,Agneau,Hirthe and Sons
Dody,Tomney,Jakubowski-Waters
Kacie,Palley,Kris Inc
Ethe,Samper,Streich-Konopelski
Chastity,Curr,"Ortiz, Schultz and Jakubowski"
Lucie,Coke,"Smith, Rutherford and Schmitt"
Kinna,Glennie,Hagenes-Cummerata
Ernesta,Bedson,"Wunsch, Stanton and Bernhard"
Delphinia,Chantillon,Beer Inc
Aloysius,Extall,Keebler-Wyman
Aldin,Eberlein,Fisher LLC
Sonnie,Presho,Mills-Balistreri
Janaye,Busen,Bauch-Boyle
Evyn,Sutheran,O'Hara Group
Ailina,Klasing,Erdman-Fay
Chere,Morman,Boyle-Bins
Pall,Sleith,"Feeney, Rowe and Dooley"
Ofella,Leavold,Johns LLC
Linnea,Medhurst,Zboncak Inc
Benoit,Dugald,Ebert-Prosacco
Marena,Leckie,Runolfsson Group
Chucho,Antonoyev,Lowe and Sons
Angelita,Tiler,"Bruen, Wilderman and Haag"
Martica,Lumb,Mertz LLC
Beth,Chafney,"Kutch, Auer and Roberts"
Omero,Abbes,"Champlin, Adams and Volkman"
Elyse,Mancktelow,"Yost, Strosin and Reilly"
Hardy,Sturgis,Ritchie and Sons
Nevins,Antoniades,Nitzsche-Cruickshank
Kenn,Straughan,Williamson LLC
Jeffry,Scotney,Kub Group
Winthrop,Shawley,Rohan-Shanahan
Prent,Leacock,Senger-Roob
Maribeth,Pashbee,Welch and Sons
Flo,MacPhee,Cronin-Goldner
Conny,Syder,Reichert LLC
Jill,Corbyn,"Weimann, Pouros and Wisoky"
Manya,Padson,"Davis, Raynor and Keeling"
Leese,Downer,Lebsack-Jakubowski
Ronnica,Olman,"Goldner, Ondricka and Schuppe"
Godfry,Hayhoe,"Moore, Hoeger and Brakus"
Maressa,Petranek,Paucek-Greenfelder
Germain,Minchell,"Satterfield, Price and Watsica"
Celine,Kenyam,Sauer-Baumbach
Allsun,Casterot,Ebert-Upton
Elnora,Clayhill,Schultz-Price
Carmela,Bohin,"Ortiz, Cormier and Orn"
Donovan,McConway,Hackett Group
Joycelin,Sellor,Halvorson-Wisoky
Janella,Moffet,"Hand, Goyette and Lockman"
Jerome,Downs,Spencer-Ferry
Querida,Wagenen,Brekke-Beier
Elsey,Gronaver,Bogisich Group
Earl,Mastrantone,"Friesen, Harris and Brakus"
Margot,Sakins,Ryan Inc
Weston,Alessandrini,"Langosh, Nitzsche and Smith"
Tab,Tregunna,Grady-Kohler
Ivory,Prestage,"Keeling, Brekke and Quitzon"
Vera,Rawlence,Wolff-Kihn
Harlene,Byass,Jast-Wilderman
Mattias,MacDonagh,"Bosco, Nader and Kozey"
Grove,O'Reilly,Bauch-Donnelly
Stephi,Connar,Trantow Inc
Sarette,McDade,Bernier-Roob
Ursa,Waddicor,"Kihn, Prohaska and Nicolas"
Andris,Airdrie,Effertz LLC
Ingelbert,Mobbs,Kautzer-Veum
Tally,Goodlatt,"Ward, Yundt and Kunze"
Gene,Templeman,Prosacco-Murazik
Pyotr,Rowat,Hahn-Bernhard
Muriel,Ianittello,"Skiles, Williamson and Turcotte"
Terrell,Elmes,"Padberg, Wehner and Lebsack"
Celestyn,Brasted,Runte Inc
Elene,Frizzell,"Hauck, Legros and Lockman"
Ode,Gayle,Heller-Carter
Alejandra,Bohlin,Jacobson and Sons
Andy,Mowday,Cassin-Simonis
Carley,Haps,Stracke and Sons
Pierette,Touret,Tromp-Runolfsson
Iosep,Rudloff,Kreiger-Huels
Samuel,Dagnall,Cartwright Inc
Emlyn,Benck,"Braun, Wisoky and Kutch"
Vinny,Aleveque,Davis-Bartell
Bennie,Brewitt,Schamberger and Sons
Tan,Blight,Cronin-Macejkovic
Lannie,Armatage,Welch Group
Cynthie,Ashley,"Hintz, O'Connell and Kutch"
Meggie,Merrifield,Kohler-Cummings
Pernell,Tatem,Padberg-Morissette
Ealasaid,Gerritsma,"Dare, Heaney and Block"
Mathilde,Lilly,Keeling-Connelly
Fawnia,Winyard,Koelpin-Bechtelar
Sioux,Holgan,Blick and Sons
Constantino,Plett,Quigley-Schultz
Brietta,Rankin,Witting-Green
Deena,Stiven,"Hammes, Hickle and Schamberger"
Caressa,Benedict,Jast-Dietrich
Randi,Childes,"Goyette, Pfeffer and Jones"
Garnet,Pheby,Yundt Group
Audry,Spencelayh,Hoppe-O'Conner
Joana,Waldron,Prosacco Inc
Tucker,Stathers,Champlin Group
Anthony,Kermit,Johnson Group
Kale,Horsburgh,Bogisich-Ondricka
Koralle,Lipyeat,Harvey-Kulas
Leora,Greenstock,Herzog LLC
Tarrah,Dunkinson,Douglas-Fritsch
Zarla,Nash,Marvin LLC
Cedric,Ticehurst,Borer and Sons
Carolus,McLewd,"Mayert, Klein and Reynolds"
Roy,Coleshill,Schaden-Conn
Aloin,Balden,Hahn-Cronin
Cristy,Frayne,"Lakin, Lueilwitz and Bogan"
Seka,Crimp,"Steuber, Doyle and West"
Myrtie,Belbin,Zemlak-Shanahan
Rowney,Seilmann,Schmeler Group
Maribeth,Bollis,"Schultz, Cartwright and Dickens"
Brockie,Patriskson,Bechtelar-Leannon
Emalia,Dewett,Price-Rutherford
Stevena,Clarage,Greenfelder Inc
Tobey,Schlagh,Mills LLC
Leigh,Delete,"Schumm, Heidenreich and Medhurst"
Binni,Greggersen,Dooley LLC
Seana,Skehan,Pacocha-Rath
Diego,Dunleavy,Ondricka-Donnelly
Malvina,Spratling,Carter and Sons
Heywood,Vaar,DuBuque-Stracke
Jordan,Barsam,Sawayn Inc
Kare,Sammons,DuBuque Inc
Lissie,Kaasman,Lueilwitz Inc
Jerad,Doyland,Waters-Barton
Ulric,Pittel,Lubowitz LLC
Toinette,Mildenhall,Cremin Inc
Toddie,Somerset,Schmeler-Howell
Alyda,Linggood,Vandervort-Muller
Jeff,Braitling,Goyette-Bosco
Cathlene,Roskilly,Thompson Inc
Harcourt,Gow,Erdman-Dickens
Alverta,Shurman,Watsica-Stoltenberg
Yuma,Stranio,"Leffler, Purdy and Pacocha"
Corena,Reye,Bogan-Feest
Jamima,Paskin,Schmeler LLC
Eran,Lummis,"Yundt, Legros and Stark"
Constanta,Crosson,Von Group
Joleen,Baily,"Cruickshank, Heathcote and Streich"
Eran,Maccaig,"Rodriguez, Witting and Kassulke"
Branden,Sturgeon,Auer-Grant
Winnifred,Exall,Spencer-Howe
Vittoria,Rentz,"Schuppe, Champlin and Crona"
Concordia,Dampier,Wyman Group
Alejandra,Gallear,Emard-Wiza
Lanette,Washington,"Cruickshank, Brown and Schinner"
Bonny,Westwick,Rodriguez-Roberts
Dill,Presshaugh,Sauer-Schiller
Zarah,Shannahan,Jacobs-Pfeffer
Halli,Reck,Bode and Sons
Irma,Pincott,Rippin-Roob
Franciska,Cuddon,Pfeffer-Zboncak
Ara,Cranton,Lind-Mills
Alix,Fieldsend,Feil and Sons
Yance,Ancliff,Hackett-Skiles
Daniel,Fawdrie,DuBuque-Streich
Granger,Subhan,Welch-Haley
Verne,Sandeson,O'Connell-Sauer
Benjy,Dhennin,Corkery Inc
Ronny,Dearnley,"Block, Hirthe and O'Reilly"
Ardelia,Alred,Kassulke Group
Leslie,Brickhill,Thompson-Kihn
Valene,McLenaghan,"Wilderman, Macejkovic and Swaniawski"
Joycelin,Airdrie,"Rosenbaum, Heathcote and Emmerich"
Ogdan,Baudinelli,Hilll Inc
Carlin,Grinin,Cummings Group
Amandie,Cubbinelli,"Frami, Wiza and Block"
Don,Palleske,Koelpin-Murphy
Normand,Acutt,Bergnaum-Barton
Ula,Chazerand,Gusikowski Group
Myrna,Hanwright,Sporer-Emmerich
Garvey,Barczewski,"Berge, Anderson and Rau"
Lonnard,Coathup,"Turcotte, Kuvalis and Dibbert"
Tate,Bachs,Ferry-Koch
Chris,D'eathe,"Lueilwitz, Jones and Quigley"
Sibley,Iddon,"McCullough, Price and Ruecker"
Hamilton,Eyes,Kulas LLC
Raddie,Tollow,"Schowalter, Fadel and Bashirian"
Jean,Rothman,Wunsch and Sons
Hedda,Isham,"Terry, Gutmann and Adams"
Casar,MacRanald,Wisoky and Sons
Cullie,Haggata,Mills-Ratke
Merralee,Burris,"Kub, Hansen and Dicki"
Tabbie,Philpots,Mayer-Abshire
Maximilianus,Mungan,Dare-Swift
Hermina,Whewell,"Wintheiser, Boyle and Lehner"
Winfield,Shipton,"Treutel, Feil and Wilderman"
Hilda,Purcer,"Ziemann, Herzog and Leannon"
Marjie,Duncan,Roob Inc
Courtenay,Deadman,Reichert-VonRueden
Cece,O'Keefe,Sauer-McClure
Lyn,Addess,Stracke-Conroy
Donal,Laughtisse,Hirthe-Kihn
Kerby,Ielden,Johns-Treutel
Haleigh,Chaytor,Hansen Group
Ethelda,Oliveto,"Bins, Ward and Windler"
Killian,Orteaux,Bahringer LLC
Cecilia,Ellins,"Medhurst, Kozey and Reichert"
Peterus,Ielden,Schulist LLC
Tully,Klebes,"Conroy, Conn and Johnson"
Loni,Sammars,"Kemmer, Morar and Rodriguez"
Giovanna,Poynzer,Weimann-Connelly
Hieronymus,Klimshuk,Zulauf-Wolf
Paulo,Oldfield-Cherry,Kris-Welch
Franny,Larkby,Will and Sons
Brittany,Roblin,Klocko LLC
Camey,Eloy,"Price, Schuster and Dach"
Meredeth,Hilling,Bradtke Group
Giacobo,Taylour,"Zieme, Stiedemann and Waters"
Natal,Brislawn,Feest-Gerlach
Cinnamon,Harlow,"Tromp, Buckridge and Marks"
Jarred,Powis,Gleason-Rempel
Dorthea,Duggon,"Deckow, Thiel and Adams"
Giustina,Kahen,McClure and Sons
Alwyn,Pinnere,Huel-Rice
Leonerd,Lorie,Robel and Sons
Lainey,Spragge,"King, Bechtelar and Lebsack"
Thorvald,Prescot,Abbott-Russel
Irena,Arthurs,Haag Inc
Meredith,Sandford,McKenzie and Sons
Kay,Jakel,Lockman Group
Adams,Butchers,Jaskolski and Sons
Sarah,Shrieves,Predovic and Sons
Hyacinthia,Dulen,"Mayer, McClure and O'Hara"
Jaye,Williamson,"Crooks, Hayes and Hamill"
Brockie,Broadhead,Corkery Inc
Arvy,Matthensen,Blick-Bogisich
Ximenes,Ariss,McGlynn and Sons
Trish,Merington,Yost-Rolfson
Allx,Anan,"Koepp, Weimann and Schaefer"
Drusilla,Burgum,Runolfsdottir-Jones
Marcellina,Iseton,Monahan-Marvin
Archibald,Print,"Jakubowski, Reichert and Koepp"
Karee,Marval,Veum LLC
Sauveur,Wadly,"Dibbert, Hagenes and Boyer"
Rayner,Bolte,"Kreiger, Kunze and O'Keefe"
Seline,Caswill,Corwin and Sons
Moyna,Antoniak,Tremblay-Will
Frannie,Garling,Pfannerstill-Bosco
Karmen,Reilly,Heathcote LLC
Ashien,Castellan,Price LLC
Ikey,Dilland,Rau Group
Kaleena,Houldcroft,Morar LLC
Elinor,Flagg,Cormier-Corwin
Lexy,Quinnette,"Davis, Schneider and Hoeger"
Berk,Bordman,"Raynor, Harvey and Ankunding"
Pernell,Boarleyson,"Bartoletti, Okuneva and Kuhn"
Lory,Roffey,Hessel-Dibbert
Odette,Khomin,Littel-Ritchie
Free,Choupin,Bauch-Jacobson
Ulysses,Baxstar,Sauer and Sons
Charissa,Glancey,Zemlak-Yundt
Liza,Klich,"Anderson, Schoen and Jast"
Caril,MacCoughen,Runolfsdottir LLC
Bryan,Aubrey,"Gorczany, Hayes and Kutch"
Jed,Barracks,Botsford-Spencer
Tessa,Haines,"Cummings, Spinka and Witting"
Rubia,Dayborne,Heller-Jast
Rakel,Rosencwaig,Stoltenberg-Mitchell
Rochester,Gilroy,Yost and Sons
Abbey,Pyser,Moore-Donnelly
Katuscha,Hanfrey,Rippin Group
Aurilia,Eden,Kub-Luettgen
Templeton,Healings,Luettgen-McKenzie
Daryl,Moughtin,"Corkery, Jacobi and Pagac"
Franklin,Naseby,"Parker, Schamberger and Emard"
Berti,McColm,"Schowalter, Buckridge and Stamm"
Keith,Saterweyte,Rempel and Sons
Melissa,Howsden,Rodriguez-Haag
Ernaline,Kerrod,Hauck and Sons
Wallace,Bream,"Lind, Schuster and Bashirian"
Agnella,Monkley,"Fritsch, McDermott and Erdman"
Evaleen,Vidloc,Feeney and Sons
Wake,Crickmore,Dare LLC
Babette,Berford,"Jacobs, Wiegand and Russel"
Corabelle,Lydall,Bashirian Group
Selia,Growcott,Mosciski-Senger
Jeannie,Hollingsbee,"Turner, Armstrong and Rippin"
Jessi,Harbin,Nader-Spencer
Ekaterina,Stokell,Watsica-Dickens
Marlane,Bicksteth,Will Inc
Roch,Belf,"Ward, Streich and Vandervort"
Constancy,Aucock,Reynolds-Larson
Gigi,Hymus,Bogisich-Huels
Hilary,Crossgrove,"McKenzie, Schowalter and Schiller"
Deirdre,Bagnell,"Spinka, Smitham and Russel"
Lexie,Adrienne,"Prohaska, Mayert and Feil"
Jehanna,Belsham,"Hickle, Wisozk and Leffler"
Daven,Kiehnlt,Zieme Inc
Vera,Vasichev,Heaney and Sons
Joelly,Tomaszkiewicz,Zemlak-Bartell
Loretta,Footitt,"Metz, Baumbach and Ritchie"
Zuzana,Defau,Howe-Shields
Fallon,Vasyukhichev,Grimes-Jaskolski
Torrey,Everard,Cormier-Wiegand
Pattie,Dulake,"Witting, Swaniawski and Grant"
Wayland,Fenich,Lang and Sons
Almire,Timpany,"Abshire, Howell and Bashirian"
Fraze,Stollberger,"Crist, Considine and Robel"
Deloria,Conrad,Nienow-Schuppe
Heall,Batstone,"Walter, Hodkiewicz and Wehner"
Frayda,Moroney,D'Amore-MacGyver
Mord,Rockell,"Boyle, Reichel and Heller"
Madonna,Wankling,Mueller Group
Minda,Greenland,"Cronin, Christiansen and Gulgowski"
Brittney,Ondracek,"Ernser, Gutmann and Funk"
Daffie,Zanassi,Ratke-Osinski
Den,Klimp,"Harvey, Ritchie and Quitzon"
Verna,Compford,Kuhlman Group
Lanny,Dallon,"Rutherford, Nicolas and Hilpert"
Verile,Pic,"Beer, Kunde and Marquardt"
Gaspar,Lghan,"Kohler, Wisozk and Sauer"
Bethina,Fernando,Kris-Schoen
Godfry,Bumpass,Koelpin-Torp
Horacio,Hallut,Koss Group
Rani,Ormerod,Olson-Metz
Ilyse,Ridwood,Anderson Group
Stacee,Cotes,"Morar, Bernier and Pollich"
Lannie,Stallan,Altenwerth-Durgan
Clarie,Silmon,Flatley-Heaney
Bern,Schimek,"Turcotte, Senger and Schowalter"
Kacie,Hairsnape,Dickinson Group
Wallache,Pley,Ratke-Kshlerin
Josi,Jovis,Kunde-Beatty
Pincas,Adshead,"Heathcote, Hintz and Homenick"
Inesita,Allebone,MacGyver-Miller
Mallory,Strand,Donnelly-Labadie
Gardiner,Burgwyn,"Denesik, Macejkovic and Harber"
Pennie,Swatridge,Kerluke-Howell
Auguste,Hadrill,Effertz and Sons
Elaina,McNeachtain,"Rempel, Jacobi and Collier"
Lexie,Lindbergh,"Sauer, Borer and Ziemann"
Winnie,Bolf,Hettinger-Goodwin
Shellie,Metherell,"Murazik, Zieme and Kuphal"
Koral,Shuxsmith,Lockman-Walsh
William,Brechin,Hermann-Wisozk
Franny,Southcomb,Howell-Kutch
Perice,Andrieu,Muller and Sons
Leigh,McInnes,Towne Inc
Trescha,Keiling,Kulas Inc
Irina,Ducker,Sipes and Sons
Janine,Pimbley,Orn Group
Mariya,Brewse,Quigley-Frami
Ranna,Phibb,"Schimmel, Farrell and Herman"
Dre,Presser,Murphy and Sons
Ferrell,Maestrini,Hoeger-Ratke
Sara-ann,Abbison,"Koss, Becker and Blanda"
Ailina,Iscowitz,Runolfsson-O'Connell
Cindi,Crawcour,"Cummerata, Gerhold and Leffler"
Nicolette,Grotty,"Quitzon, Cummings and Yundt"
Aurelea,Cominoli,Beer-Wisozk
Nora,Joy,"Marks, Murray and Kohler"
Kimble,Grand,Runolfsdottir Group
Gelya,Spurrett,Windler LLC
Carny,Coper,Bahringer Group
Robenia,Scrane,Homenick Inc
Madelyn,Pieters,"Bayer, Cummings and Mitchell"
Devonna,Burel,Schaefer Inc
Marlene,Josephi,Stokes-Hand
Garrot,Pace,"Adams, Kshlerin and Balistreri"
Ted,Dutteridge,Gleason-Will
Timmi,Bendare,"Thompson, Christiansen and Stanton"
Alvera,Bruckental,Cronin-Considine
Carlee,Slewcock,"Dickens, Kuhlman and Gleichner"
Kellia,Febry,Pfeffer Group
Franklyn,Eidler,Greenfelder and Sons
Shelly,Verna,"Bernier, Lind and Harris"
Ely,Annable,Koch-Prosacco
Noreen,Witnall,"Murphy, Buckridge and Gerlach"
Chicky,Ambrosch,Blanda Inc
Trenton,Bilborough,Rau-Kshlerin
Ugo,Mannion,"Doyle, Nicolas and Strosin"
Luke,Velte,Koepp LLC
Ynes,Colliar,Ondricka-Kertzmann
Orlando,Wingfield,Price LLC
Beret,Kleinber,"Bauch, Bernier and Abshire"
Sibilla,Tallow,"Heaney, Kertzmann and Romaguera"
Wilow,Zanini,Cartwright Inc
Janice,Martusov,Fahey-Stanton
Gaylord,McIlvaney,West Inc
Angy,Ingledow,Dietrich-Bechtelar
Ignace,Sannes,Simonis LLC
Estrella,Baselli,Cartwright-Kshlerin
Essie,Leeuwerink,Yundt-Runolfsdottir
Rebekkah,Gritsunov,Douglas and Sons
Helga,Brymham,"Lemke, Jakubowski and Altenwerth"
Englebert,Van Oort,Hammes-Frami
Rosaleen,Bambrough,Miller Group
Aili,Ranns,West Inc
Demetris,Brahmer,Upton Group
Rosalynd,Tandy,Bins Group
Zorina,Guilliatt,Murphy-West
Allan,Poyner,Boyer and Sons
Georas,Kimmince,Dach-Bogan
Legra,Sandyfirth,Reichel-Mertz
Trenna,Andreas,"Littel, Pfeffer and Mills"
Erroll,Lintill,Fay LLC
Kirstin,McGeaney,Effertz-Ledner
Aridatha,Tuson,"Swaniawski, DuBuque and Auer"
Gearalt,Emney,Hartmann Group
Vivien,Ramas,Fritsch-Jast
Aleta,Kimberly,Hickle Inc
Lazaro,Greasley,Huels-Roob
Winthrop,Tebbutt,Walker Inc
Addie,Leworthy,Quitzon-Kunde
Arlie,Andrew,"Carter, Dach and McCullough"
Georgeanne,Bradneck,"Bogisich, Torphy and Doyle"
Aubree,Middlebrook,Hermiston Group
Corinna,Jeaneau,Balistreri-Adams
Calley,Painter,"Lubowitz, Fay and Lowe"
Hendrik,Benasik,Feil Group
Wolfgang,Tomasino,Denesik Group
Loralyn,Roscher,Lebsack-Streich
Kali,Mc Coughan,Jenkins-Baumbach
Tybie,McManamon,Aufderhar-Rohan
Kenneth,Leach,Weimann-Crist
Stephani,Dripps,Welch-Durgan
Will,Domel,"Hirthe, Marquardt and Mann"
Matilde,O'Loinn,"Kohler, Dicki and Koss"
Merilee,Reuble,Dietrich and Sons
Noell,Blakely,Jenkins-Tromp
Nathaniel,Mallam,Torp LLC
Zeke,Hughland,Watsica-Walsh
Maighdiln,Checketts,Reichert-Swaniawski
Allister,Stonebanks,"Kilback, Hickle and Hettinger"
Olympia,Shafier,Kuhn and Sons
Kial,Newis,"Erdman, Ratke and Reinger"
Nickie,Adams,"Sporer, Pollich and Hudson"
Mason,Margett,McCullough-Lynch
Rebecca,Evanson,Kunde-Hyatt
Christel,Zecchinelli,Auer-Kemmer
Iris,Bellie,"Dare, Kessler and Cassin"
Jenn,Poltun,Hahn and Sons
Clair,Durbann,Gulgowski-Kessler
Guntar,Base,VonRueden and Sons
Daryl,Hanniger,Hyatt LLC
Missy,Hutchinson,"Hansen, Rutherford and Hamill"
Aileen,Kelleher,Heller LLC
Marjorie,Rioch,"Larkin, Mayer and Blanda"
Teddi,Petroff,Flatley Inc
Theo,Leebetter,Tillman-Osinski
Lucita,Pollak,Dare Inc
Steffane,Gillani,"Schaden, Kerluke and Leuschke"
Lon,MacBean,Crist-Kassulke
Paulina,Dalgardno,Lowe-Feeney
Elisa,Cavnor,Murphy-Bahringer
Simon,Trump,"Herzog, Gerlach and Weissnat"
Rozele,Wiffler,Ankunding and Sons
Rafaela,Oxbie,Ryan-Koss
Dorine,Larrett,"Cremin, Jast and Lind"
Abbi,Popov,"Robel, Effertz and Osinski"
Brina,Humble,"Batz, Turcotte and Deckow"
Antonietta,Gleed,Leuschke-Carter
Corabelle,Graybeal,Turner-Schultz
Siana,Jolley,"Mohr, Howell and Rau"
Baryram,Bauckham,Beier LLC
Lenka,Trebble,"Mayert, Frami and Johnston"
Wesley,Wadelin,"Miller, Spinka and King"
Cilka,Dobbings,Jenkins-Kovacek
Bernard,Stickney,"Wolf, Glover and Hagenes"
Noah,Bilston,Marvin-Anderson
Rory,Riveles,Streich Group
Berta,Capelin,Mraz LLC
Yancey,Joules,Stracke Inc
Teriann,Playfair,Leannon Group
Janetta,Emblen,Considine LLC
Lishe,Lomen,Hirthe-Weissnat
Joeann,Bithany,"Maggio, Abshire and Fay"
Hermann,Coiley,"Feil, Bernhard and Reilly"
Janaya,Demcak,"Fadel, McGlynn and Wiza"
Michelina,Skill,Leannon and Sons
Keith,McRory,"Gulgowski, Adams and Ortiz"
Sydelle,Gladdis,"Kessler, Halvorson and Fisher"
Briggs,Humber,"Goyette, Sauer and Gottlieb"
Zacherie,Strugnell,"Steuber, Farrell and Jacobson"
Wallie,Kippin,Doyle-West
Donn,Huggins,Carroll-Greenfelder
Arch,Verecker,"Hintz, Mosciski and Franecki"
Ty,McGuire,Hayes Group
Max,Washtell,Medhurst-Schmeler
Haskell,Nayer,Breitenberg and Sons
Doralynne,Baniard,Senger-Bahringer
Nolan,Monck,"Wiegand, Becker and Leuschke"
Phillida,O'Cahsedy,Leuschke-Walter
Farly,Pantone,Hayes-Lowe
Kessia,Cornwall,Wunsch-Hudson
Angel,MacAlpyne,"Hyatt, Kling and Gulgowski"
Gabbie,Greensite,Aufderhar-Wehner
Channa,Albrecht,Crooks-Willms
Mahmud,MacAnespie,Legros-Maggio
Tish,Mullin,Rutherford Group
Matthias,Rabson,O'Keefe-Little
Laney,McLorinan,Ward-Thompson
Ilario,De Domenicis,"Pfeffer, Monahan and Stark"
Gino,Kyngdon,Fisher-Ritchie
Breanne,Laurentin,Halvorson-Hoppe
Emanuele,Petrolli,Hickle-Bins
Gene,Tunstall,"Hermann, Batz and Smith"
Lee,De Caville,"Russel, Satterfield and Howell"
Ezequiel,Gahan,Adams-Champlin
Adam,Sebrook,Volkman-Bergnaum
Rey,Smewings,Walsh-Renner
Roman,Blakeney,Terry Inc
Benito,Balharry,"Ratke, Douglas and Klein"
Shena,Leupoldt,"Lemke, Franecki and Crist"
Tracey,Gregoletti,Klocko and Sons
Erena,Auton,Rutherford LLC
Briano,Sellack,"Walker, Walsh and Johns"
Charline,MacMenamy,"Dibbert, Blanda and Jaskolski"
Karry,Brigshaw,"Friesen, Johnston and Witting"
Anna-maria,Ledward,Bashirian Group
Mari,Childes,Leannon-Boehm
Alexia,Gorvette,"Cremin, Bartoletti and Yost"
Kaiser,Garbert,Gibson-Collier
Walton,Paul,Davis LLC
Chrystal,Savery,"Ullrich, Olson and Leuschke"
Oralie,Halifax,Mueller and Sons
Irvine,Schoolfield,"Beatty, Zboncak and Tremblay"
Oliver,Thams,Zulauf-Abshire
Hilarius,Colbertson,McDermott LLC
Rowan,Godier,Simonis-Braun
Jakob,Spyvye,"Schamberger, Zboncak and Simonis"
Lennie,By,Jacobs-Cormier
Carly,Veivers,Miller Group
Gabriellia,Filliskirk,Langworth-Mann
Casie,Tunny,DuBuque-Grimes
Connie,Gillow,Simonis LLC
Delbert,Abisetti,Denesik-Schulist
Sherwynd,Fraczak,"Friesen, Carter and MacGyver"
Edyth,Lezemere,Green LLC
Osmond,Janisson,Hauck LLC
Erin,Adney,Bayer LLC
Clemence,Lanceley,Balistreri-Kuvalis
Fabian,Seage,"Upton, Morar and Cole"
Milo,Cowp,Lehner-Blick
Shir,Haddon,Christiansen and Sons
Lanny,Kildea,Kovacek and Sons
Lorenzo,Copelli,Rice-Veum
Reggie,Daykin,Jaskolski Group
Marillin,Friedlos,Rutherford-Bosco
Rowen,Aldie,"Feest, Homenick and Deckow"
Kimball,Cuckson,Schumm Group
Bob,Persey,Greenholt-Koss
Corella,Hanlin,Powlowski and Sons
Yolanda,Piwell,Goodwin and Sons
Maximo,Dougharty,Donnelly-Funk
Kiersten,Reade,Fay Inc
Piotr,Fowell,"O'Connell, Dibbert and Kozey"
Dede,Laxe,Reynolds and Sons
Kelvin,Sawle,"Bins, Schuster and Smitham"
Johan,Merle,"Boyle, Wuckert and Tillman"
Issie,Hutten,"Steuber, Barton and Skiles"
Joyann,Jorden,"Tromp, Paucek and Runolfsdottir"
Merry,Trethewey,Kuvalis-Brekke
Shoshanna,Cobon,Heathcote-Quigley
Valene,Kilkenny,"Conroy, Hodkiewicz and Schoen"
Jeannette,Champneys,Quigley LLC
Phaidra,McCrohon,Nolan-Okuneva
Dal,Deplacido,Olson Group
Thomasa,McCormick,Shanahan-McLaughlin
Ilka,Fairbrass,Mann and Sons
Mychal,Swidenbank,Kris-Lueilwitz
Mil,Llewelly,"Schiller, Gleason and Mann"
Bordy,Back,"Friesen, Shields and Mante"
Ethan,Extal,Carter and Sons
Bendix,Pask,Walsh Group
Guenna,Sherrin,Greenholt LLC
Gorden,Coye,O'Reilly and Sons
Dolf,Jeffcock,Johnston-Strosin
Fayth,Donovan,Hilll Group
Cale,Bofield,Balistreri LLC
Lew,Gurnay,Fisher-Gulgowski
Lin,Pinkney,"Nienow, Rippin and Jacobi"
Averill,Widdicombe,Beier Inc
Cheryl,Karslake,O'Keefe-Steuber
Jude,Kitteridge,Crona-Hagenes
Mead,Cloy,Armstrong Group
Raye,Andrivel,Cassin Group
Gale,Elverstone,"Reichert, Daugherty and Gleason"
Randa,Calveley,"Moore, Hartmann and Bechtelar"
Madge,Horsewood,Treutel-Bayer
Skipton,Goodsal,Beer LLC
Paule,Screase,"Cassin, Wuckert and Block"
Elli,Bruneau,Effertz-Zulauf
Evey,Ferrea,Wolf-Will
Kyla,Lebourn,Feeney Inc
Fin,Sallnow,Keeling Inc
Linnell,Owttrim,Trantow LLC
Sibley,Paunton,Hartmann-Yundt
Roosevelt,Halsted,Pouros LLC
Adah,Cobon,"Hessel, Grimes and Hayes"
Bambie,Brugh,Wiza-Oberbrunner
Berkley,Tschirschky,"Nicolas, Kuhn and Ankunding"
Floris,McGarvie,"Dare, Windler and Breitenberg"
Woodrow,Dana,Koch-Kub
Linnea,Mannering,Kiehn Group
Bryana,Fearfull,Satterfield-McGlynn
Dar,Thumann,"West, Nienow and Parker"
Jacques,Minney,Willms-Kessler
Else,Chitty,"Tremblay, Johnston and Weber"
Bettye,Stayte,Casper Inc
Devi,Stanaway,Morissette Inc
Brooks,Clifton,Reinger Inc
Leonid,Scholard,"Hagenes, Torphy and Grady"
Vitoria,Austick,MacGyver-Schroeder
Nefen,Trill,Schuster-Armstrong
Karee,Dulson,Pouros-Rath
Gaven,Bortoluzzi,Runolfsdottir-Williamson
Yasmin,Baddow,Thompson LLC
Trey,Synnot,Heidenreich and Sons
Genna,Bittlestone,"Swaniawski, Cummerata and Ebert"
Aldon,Dibbert,"McDermott, Predovic and Shanahan"
Maxim,McPhelimey,VonRueden Inc
Wallis,Mansbridge,Moore LLC
Johnnie,Braban,Deckow-Wolff
Marie-jeanne,Danilov,"Weber, Weimann and Feest"
Shelley,Victory,"Nader, Labadie and Douglas"
Rosaleen,Thurstan,Raynor-Blanda
Milena,Morrall,Crist LLC
Reeva,Claiton,"Grimes, Bosco and Anderson"
Casi,Riccelli,Berge-Gutmann
Vasili,O'Mahoney,Gutkowski Inc
Magdalena,Firpo,"Balistreri, Towne and Hermiston"
Dayle,Bownass,"Upton, Weissnat and Miller"
Morgen,Sorro,Blick-Bradtke
Francois,Cromley,Blick LLC
Bridie,De Goey,Herzog Group
Lindsey,McKibbin,Schamberger Group
Slade,Pirie,Konopelski Inc
Karrah,Mabbott,Runolfsson-Kub
Shannan,Farr,Flatley-Stamm
Shalna,Lillo,"O'Keefe, Larson and Mills"
Rory,Bleeze,Berge and Sons
Drugi,Lovart,"Schroeder, Heaney and Stokes"
Karlen,Dyerson,"Daniel, Medhurst and Emmerich"
Sean,Alabaster,"Hegmann, Wilderman and Monahan"
Carla,Hancke,Sawayn and Sons
Hurley,Maystone,Baumbach and Sons
Steffane,Peck,"Gislason, Weber and Quigley"
Ketti,Powney,Beahan-Gottlieb
Laure,Menichi,Dickens-Hyatt
Sybil,Kinver,Baumbach Inc
Jeramie,Norwell,Nolan LLC
Anastassia,Ladell,"Cummings, Sawayn and Goldner"
Dora,Husk,Toy and Sons
Felicio,Russell,"Daniel, Crona and Sawayn"
Adora,Schwand,Mertz Inc
Hubey,Urvoy,Mosciski and Sons
Teddie,Bodley,Mohr Inc
Bridgette,Marsay,Carroll Group
Zarla,Illidge,Sanford-Yundt
Darryl,Zecchetti,"Hane, Kuhn and D'Amore"
Moina,Eddicott,Kertzmann-Bartoletti
Maurizia,Chasen,Grimes-Dare
Kandy,Stow,Emmerich-Hudson
Meryl,Woolger,"Rippin, Schultz and Nader"
Salvidor,Tweddell,Dibbert-Reinger
Kym,Tufts,Crist LLC
Beverley,McCullagh,"West, Jacobi and Walker"
Tracie,Apted,Steuber-Ernser
Paxon,Jenoure,"Jakubowski, Brakus and Murphy"
Annecorinne,Regelous,Barton-Dare
Emmanuel,Cridge,Boyer Inc
Zandra,Bleackley,Hessel Inc
Kimbell,Fay,Koss LLC
Morley,Hanbury-Brown,"Aufderhar, Graham and Hermann"
Tynan,Woolger,"Kertzmann, Runolfsson and Bashirian"
Mada,Reoch,Raynor-Blanda
Rourke,Bonaire,Hirthe LLC
Jeanne,Godfree,Murphy-Jacobs
Gaby,Swalteridge,Bosco and Sons
Denys,Fallon,Fay-Rosenbaum
Ardeen,Eberle,Quitzon Inc
Nadia,Yurov,Rempel-Cummerata
Auberta,Edmundson,Pouros-Carroll
Mead,Lodevick,Rempel Group
Esdras,Langmead,Bailey Inc
Larissa,Winchester,Tromp-Bailey
Gallard,Camden,Boyle and Sons
Roselia,Urvoy,"Keebler, Lesch and Cormier"
Davin,Manhare,"Johns, Mills and Ernser"
Mirabel,Johnson,Nolan and Sons
Rafaelita,Donegan,Kiehn Group
Roi,Lewsey,"Conroy, Wuckert and Mayert"
Gun,Clemonts,"Herzog, Crist and Morissette"
Yank,Pidgeon,"Herman, Wiza and Larson"
Uta,Seleway,Rippin and Sons
Jenn,MacCurley,"Daugherty, Gusikowski and Mitchell"
Sileas,Hubbart,McDermott-Wehner
Roscoe,Boddam,Reichel LLC
Aldis,Wilber,"Ledner, Lindgren and Ryan"
Jermaine,Batter,Prosacco-Romaguera
Clareta,Youtead,"Heller, Parisian and Sawayn"
Bebe,Pashby,Prosacco-Trantow
Penni,Jameson,Jenkins-Zemlak
Annabela,Roux,Bechtelar Group
Arthur,Betton,Prosacco and Sons
Loise,Laurentino,Kuhn-Bartoletti
Quinton,Lafee,Koss Group
Marcy,Chomicz,Gleason and Sons
Mareah,Antecki,"Corwin, Johnson and Walter"
Cull,Berens,Schulist Inc
Mavis,Elston,Johnston-Padberg
Joel,Spenley,"Schaefer, Quitzon and Legros"
Emmy,Grindell,Larkin Inc
Margarethe,McVanamy,Koepp Group
Delainey,Humpherson,Senger and Sons
Wait,Bohlin,O'Hara Inc
Katti,Willgoss,McCullough-Schinner
Darlleen,Baseggio,Legros-Koch
Ewen,Gronav,"Murazik, Lockman and Marquardt"
Jacklyn,Staning,"Jerde, Waelchi and Marquardt"
Roxy,Huyton,"Mohr, Jast and Goldner"
Amabelle,Rabbe,Hammes Inc
Martie,Kreutzer,VonRueden LLC
Loren,Pinkerton,Reilly Group
Sheila-kathryn,Stoeck,Gutmann Inc
Mack,Woodyeare,Crist Group
Noach,Larive,Beer-Reichel
Quincey,Cowterd,Collins-McGlynn
Hayden,Gotmann,Torp and Sons
